{
  "train_loss": [
    0.46038178325381246,
    0.3290424466814963,
    0.2727079122150592,
    0.2610114116516422,
    0.22539408506383432,
    0.21490621674731303,
    0.20501346076466676,
    0.19740556133600276,
    0.1864535236523422,
    0.16361447654529568,
    0.16709467007275192,
    0.15666869654896376,
    0.15331740370526328,
    0.15710725496790315,
    0.13823975763284557,
    0.13250337396211234,
    0.13259899131847178,
    0.12715358414231764,
    0.12653301190318553,
    0.13151998532397957,
    0.12266937862758527,
    0.12660995713862155,
    0.12405585215646273,
    0.10920434937349834,
    0.11761512849533183,
    0.1135337192234934,
    0.11335487177931092,
    0.11734933087209841,
    0.11245779933193051,
    0.10193826533406547,
    0.10566343553186713,
    0.10040806189847061,
    0.10373921864253209,
    0.10610110678481874,
    0.10148437410323136,
    0.09138888246366475,
    0.10711982506757924,
    0.10806779123778794,
    0.105264309221955,
    0.10014755814358436,
    0.09206253455310805,
    0.09525850967808606,
    0.10270369656604171,
    0.10141276088751874
  ],
  "train_acc": [
    0.5624404194470924,
    0.6725452812202097,
    0.7283126787416587,
    0.7264061010486177,
    0.773117254528122,
    0.7778836987607245,
    0.7797902764537655,
    0.7950428979980935,
    0.797902764537655,
    0.8203050524308866,
    0.8217349857006673,
    0.8169685414680649,
    0.8255481410867492,
    0.8236415633937083,
    0.836510962821735,
    0.8417540514775977,
    0.8398474737845567,
    0.8484270734032412,
    0.8598665395614872,
    0.8493803622497617,
    0.8565300285986654,
    0.8546234509056244,
    0.8465204957102002,
    0.8651096282173498,
    0.8636796949475691,
    0.8684461391801716,
    0.8632030505243089,
    0.8617731172545281,
    0.8665395614871306,
    0.8722592945662536,
    0.8775023832221163,
    0.882745471877979,
    0.8698760724499524,
    0.8732125834127741,
    0.8794089609151573,
    0.8813155386081983,
    0.8717826501429933,
    0.8822688274547188,
    0.871306005719733,
    0.8798856053384175,
    0.8836987607244995,
    0.8851286939942803,
    0.8760724499523356,
    0.8803622497616778
  ],
  "val_loss": [
    0.24856606457706018,
    0.17246732777835,
    0.15733164691579898,
    0.1277795360321988,
    0.12822321320330116,
    0.11706088070149942,
    0.10029123650494556,
    0.10066126993253728,
    0.0959814253402148,
    0.08910999849505043,
    0.08544242070087611,
    0.08186649786669321,
    0.08130062213022353,
    0.08445621000598692,
    0.07856764987044716,
    0.07923352988830919,
    0.08032127648160559,
    0.0832044892552369,
    0.0799329042401505,
    0.074060191215744,
    0.0758285080819061,
    0.06929378883543949,
    0.06832960609736581,
    0.06921665081733584,
    0.06860878836272288,
    0.06999282625178187,
    0.0678892771408526,
    0.06852457296509785,
    0.07083682347512192,
    0.06495439377354088,
    0.06956772307112381,
    0.0690442526957771,
    0.06761698562544013,
    0.06659969175545569,
    0.0673356485824808,
    0.06818790767001681,
    0.06828570535991399,
    0.06810015534571391,
    0.06881230916902589,
    0.07173478858906336,
    0.06822574271391123,
    0.07013868572053505,
    0.06645532224518154,
    0.07004254321279399
  ],
  "val_acc": [
    0.7661469933184856,
    0.8685968819599109,
    0.8619153674832962,
    0.8685968819599109,
    0.8797327394209354,
    0.8775055679287305,
    0.8775055679287305,
    0.8819599109131403,
    0.8797327394209354,
    0.8975501113585747,
    0.8930957683741648,
    0.9042316258351893,
    0.9042316258351893,
    0.8975501113585747,
    0.8975501113585747,
    0.9064587973273942,
    0.9020044543429844,
    0.89086859688196,
    0.8997772828507795,
    0.89086859688196,
    0.8864142538975501,
    0.9042316258351893,
    0.9175946547884187,
    0.9153674832962138,
    0.9042316258351893,
    0.9131403118040089,
    0.9020044543429844,
    0.8975501113585747,
    0.9265033407572383,
    0.9131403118040089,
    0.9220489977728286,
    0.9064587973273942,
    0.9042316258351893,
    0.910913140311804,
    0.9175946547884187,
    0.910913140311804,
    0.9175946547884187,
    0.9198218262806236,
    0.9131403118040089,
    0.9086859688195991,
    0.9153674832962138,
    0.9175946547884187,
    0.9220489977728286,
    0.9131403118040089
  ]
}